tempus@Nullatemporaugue.co.uk
Elton Whitaker
Sed@sagittisNullam.com
Wyatt Smith
ullamcorper.magna.Sed@nostraper.org
Axel Price
Cum.sociis@imperdietdictum.edu
Jonah Morris
tristique.neque@ascelerisque.org
Todd Cochran
ante.Nunc.mauris@variusultrices.ca
Gray Burnett
risus@elitNullafacilisi.com
Nathan Cash
tellus@nequevitae.net
Philip Little
feugiat.metus.sit@Maecenas.org
James Payne
mus.Proin@nunc.edu
Nehru Ward
amet.massa.Quisque@quislectus.org
Chadwick Cox
Nunc.sed@auctorMaurisvel.org
Thaddeus Whitney
vitae.aliquam@ornare.co.uk
Caldwell Larson
lacus.Aliquam.rutrum@nulla.org
Ivan Blake
elit@nisimagna.org
Alan Wright
Duis.sit.amet@posuerecubilia.edu
Jason Hooper
velit@nibh.net
Raja Chen
Proin@turpisvitae.ca
Dustin Barr
dignissim.Maecenas@eueleifend.edu
Garrison Allison
justo.sit.amet@lectusconvallis.ca
Victor Mckinney
ornare@adipiscing.co.uk
Quentin Buckner
metus@Namconsequatdolor.net
Raymond Fry
parturient@ascelerisquesed.ca
Lionel Davis
faucibus@consectetuerrhoncus.com
Vincent Schultz
amet.risus@semper.net
Brett Kemp
Cras@turpisnonenim.ca
Benjamin Nolan
non.bibendum.sed@mollisnec.net
Merritt Gomez
turpis.Nulla@Proinegetodio.co.uk
Carson Nguyen
per@aliquet.com
Lawrence Jones
sollicitudin@odiotristique.com
Vaughan Parrish
Proin.vel@nectempus.co.uk
Justin Smith
sapien.gravida@justofaucibus.co.uk
Randall Crawford
euismod.urna@sapiencursus.net
Roth Mitchell
in@Cumsociis.org
Kareem Green
aliquet.libero.Integer@ligula.ca
Dieter Bradshaw
lobortis.tellus.justo@etmalesuadafames.com
Cade Walters
magna.Nam.ligula@commodo.net
Phillip Phillips
Cras.vulputate.velit@varius.ca
Anthony Mckay
velit.Sed.malesuada@aliquetmetus.co.uk
Quinn Swanson
Duis.risus@Nullam.org
Grant Carr
molestie.Sed@pede.edu
Zeus Montoya
Duis.gravida.Praesent@enimnonnisi.edu
Joseph Oneill
eget@venenatis.com
Louis Ruiz
enim.non.nisi@vel.net
Christian Mercado
Sed.eu@Pellentesque.edu
Demetrius Fry
diam.Proin.dolor@et.co.uk
Omar Shields
nibh@Vivamus.ca
Nicholas Alston
in@ornareegestasligula.org
Odysseus Roberson
ultricies@nonluctussit.edu
Arsenio Schneider
arcu@justonecante.edu
August Vinson
parturient@purus.edu
Cameron Leblanc
porttitor.scelerisque.neque@nibhvulputatemauris.edu
Cain Gilbert
Phasellus@elitelit.co.uk
Ryder Combs
vulputate.lacus.Cras@eueuismodac.net
Kermit Wall
Aliquam.nisl.Nulla@liberoettristique.com
Ryder Webb
In.tincidunt.congue@elementum.ca
Sawyer Joyner
justo.sit@Cumsociis.net
Josiah Estes
augue.malesuada@blanditNamnulla.ca
Vaughan Keller
Vestibulum.ut@ultriciesligulaNullam.co.uk
Dillon Wallace
scelerisque.neque.Nullam@nonummyultricies.ca
Grant Dean
In.at.pede@urna.net
Solomon Arnold
Cras.convallis.convallis@diameudolor.net
Rajah Barton
pretium.neque@diamatpretium.com
Jasper Allen
Cras.lorem.lorem@justo.com
Zahir Golden
gravida@etarcuimperdiet.net
Cole Zimmerman
congue.In.scelerisque@sitametluctus.edu
Jack Lucas
Nullam.ut@egestas.com
Jasper Floyd
orci@turpis.com
Kuame Gray
tellus@diamnuncullamcorper.org
Octavius Christian
elit@eueleifend.co.uk
Leonard Lynn
tristique.pharetra@adipiscingnon.edu
Bernard Dennis
Phasellus.ornare.Fusce@maurisaliquam.org
Kato Hinton
accumsan@hymenaeosMauris.ca
Ivor Cain
nec@elitNulla.ca
Keefe Padilla
dolor.dapibus.gravida@ornare.co.uk
Erasmus Roberts
mi.pede.nonummy@fringilla.ca
Tobias Goodwin
nonummy.ac.feugiat@sem.edu
Cooper Moon
nulla.Cras.eu@enim.ca
Reed Mathews
vitae@Maecenas.net
Dexter Rodgers
vitae.dolor.Donec@anunc.net
Tanner Obrien
nisl.Maecenas@leo.co.uk
Thomas Mcclain
Duis.elementum.dui@tinciduntpedeac.com
Brennan Mcdaniel
risus@pretium.edu
Len Pope
adipiscing.lacus@aarcu.ca
Hasad Battle
libero@egetnisi.net
Kelly Riggs
nunc.sed.pede@non.ca
Malcolm Campos
morbi.tristique.senectus@interdum.edu
Tyler Beach
sociis.natoque@nislMaecenas.net
Quentin Mullen
dui.Cras@loremluctusut.co.uk
Reece Rodriquez
Sed@odiosempercursus.com
John Cook
Sed.eu@luctussit.org
Wade Whitney
non.lacinia@lectus.com
Brody Gordon
sit.amet@libero.ca
Harper Lambert
cursus.a.enim@malesuadaInteger.co.uk
Alan Charles
sit.amet@libero.org
Hamish Peterson
magna.tellus@eratsemper.org
Quamar Mills
a.scelerisque@Aeneaneuismod.edu
Nathan Christensen
orci.in@rutrum.org
Eagan Vaughan
non.massa@pretiumet.com
Branden Sherman
In@temporbibendumDonec.com
Brady Adams
eu.eleifend.nec@magnaSuspendissetristique.ca
Magee Bowman
risus.Duis.a@penatibus.ca
Hayden Randall
non.lorem.vitae@Donecvitaeerat.net
Odysseus Knapp
Suspendisse.dui.Fusce@Vivamus.org
Kibo Hensley
Aliquam@gravidamolestie.co.uk
Daniel Carter
eu.neque.pellentesque@ridiculus.org
Evan Fuller
quam@disparturient.org
Jerome Lynch
erat.vel.pede@Praesenteunulla.ca
Caleb Atkinson
In.ornare.sagittis@sitamet.org
Hakeem Simon
Integer.id@ante.com
Camden Crane
nulla@afelisullamcorper.org
Leonard Barber
mattis@ligula.net
Michael Stein
nulla.magna.malesuada@dictum.org
Robert Hurst
dapibus@loremfringillaornare.edu
Yardley Lancaster
faucibus@lectusconvallis.edu
Ryder Scott
justo@sociisnatoquepenatibus.net
Bruno Moon
massa.Vestibulum.accumsan@magnased.co.uk
Lucius Mullen
Donec.egestas@Crasdolor.edu
Abel Todd
non.arcu@IntegermollisInteger.edu
Colt Hobbs
ultrices@dui.com
Kasper Allen
Fusce@Phasellusataugue.ca
Blaze Kramer
pretium.aliquet@posuereatvelit.ca
Emerson Skinner
ut.mi.Duis@tellus.org
Len Pugh
vitae.aliquam.eros@elementum.com
Herrod Daniel
pede@sedestNunc.net
Zahir Acosta
Aliquam.erat.volutpat@eu.ca
Kane Boyle
risus.odio.auctor@Integervulputate.co.uk
Victor Navarro
nec@volutpat.co.uk
Damon Lyons
elementum.dui@gravidaPraesent.ca
Xenos Cotton
lorem.lorem@nonummyultriciesornare.co.uk
Macaulay Waters
lobortis.nisi.nibh@felisDonectempor.ca
Vernon Little
auctor.ullamcorper@suscipitnonummyFusce.co.uk
Ulric Olsen
sed@Mauriseuturpis.net
Ezekiel Armstrong
Sed@odiosagittis.com
Adam Clements
sem.Pellentesque.ut@semut.co.uk
Jeremy Gross
ante.iaculis.nec@sem.edu
Isaac Wise
Etiam@adipiscingligula.co.uk
Dante Reilly
egestas.blandit@Quisqueimperdiet.org
Octavius Morales
nunc.est.mollis@Phasellus.ca
Nero Walters
accumsan@ornaresagittis.com
Devin Norton
Quisque.ac.libero@sed.net
Akeem Santana
libero.nec@amet.org
Sean Stein
dictum.placerat@Mauris.ca
Lamar Wilkins
nibh.Aliquam.ornare@rutrumlorem.net
Arden Spencer
gravida.Aliquam@estconguea.edu
Ezra Santana
cursus.diam@Sed.com
Yoshio Henderson
at.risus.Nunc@metusAliquam.net
Harlan Franklin
accumsan.sed@Nullamfeugiatplacerat.net
Cain Hull
eu.placerat.eget@ametdapibusid.ca
Lester Mcclain
Proin@vel.net
Kuame Hart
ac@necmollis.org
Knox Griffith
tincidunt.orci@orci.com
Nero Oliver
commodo.ipsum.Suspendisse@cubiliaCurae.edu
Alfonso Hutchinson
eleifend@a.ca
Dane Mcconnell
nec.tellus.Nunc@purusgravidasagittis.co.uk
Ulric Meadows
urna.justo.faucibus@mipede.co.uk
Yuli Koch
mauris.sapien.cursus@nec.ca
Emerson Howe
morbi.tristique@Cras.ca
Rashad Stout
lacus.pede@ornarefacilisis.com
Allistair Juarez
sed@Phasellus.co.uk
Lev Blake
ornare@in.com
Ignatius Aguilar
eget@id.com
Curran Rosario
egestas.urna@interdum.com
Gil Mccormick
diam.Sed@vehicula.org
Erasmus Kirk
magna.nec.quam@nectempus.edu
Melvin Morgan
Curabitur.vel@diam.edu
Leo French
pharetra.ut.pharetra@leoMorbineque.net
Nathaniel Chavez
Proin.sed@ullamcorperDuis.edu
Reece Henderson
rutrum.non.hendrerit@enimEtiam.com
Brent Myers
arcu.Nunc.mauris@vulputate.net
Octavius Sears
rutrum.justo@placerat.ca
Ezra Rasmussen
nec.tellus@montesnascetur.co.uk
Kenyon Sparks
et@euodio.edu
Kevin Morin
ipsum.dolor.sit@aliquetlobortisnisi.net
Quinlan Dickson
eget.varius@dolorFuscefeugiat.com
Zane Boone
interdum.Nunc.sollicitudin@Nunclectuspede.org
Slade Gross
quam.dignissim@ultricesVivamus.net
Gabriel Mcmillan
habitant.morbi@mus.edu
Keith Hendrix
montes@risusaultricies.edu
Reuben Ford
nonummy.ultricies.ornare@magnisdis.edu
Rooney Gallagher
montes.nascetur.ridiculus@ipsum.com
Oscar Gamble
Suspendisse.commodo@lobortisnisinibh.com
Tad Stephens
at.velit@auctorquistristique.ca
Bruno Odonnell
Suspendisse.eleifend.Cras@nequeseddictum.net
Kennedy Buckner
facilisis.magna@magnis.co.uk
Xander Rasmussen
molestie.tortor.nibh@NullainterdumCurabitur.net
Ashton Gibson
bibendum.sed.est@rutrum.net
Orlando Mccray
arcu.ac.orci@congue.edu
Colorado Burris
Aliquam@est.co.uk
Theodore Farrell
in@magna.co.uk
Lance Forbes
egestas.Duis@pharetraNamac.co.uk
Quinlan Hays
dictum@nequeSed.net
Kibo Herman
neque@sociisnatoquepenatibus.co.uk
Yardley Horton
orci.in.consequat@purussapien.net
Cameron Hernandez
sit@euarcu.edu
Howard Bright
mattis.Integer.eu@molestie.com
Steven Odonnell
pede.malesuada.vel@ametrisus.co.uk
Darius Pace
dapibus.gravida.Aliquam@euturpisNulla.org
Kasper Leonard
consequat@feugiatnecdiam.ca
Zeph Davenport
tempor.diam@SedmolestieSed.org
Amery Fox
velit.dui.semper@nislNullaeu.edu
Merritt Hughes
gravida.sit@blanditenimconsequat.co.uk
Ryan Welch
non.luctus.sit@Vestibulumanteipsum.edu
Barry Terry
feugiat@ante.net
Hilel Dillon
amet.risus@metus.edu
Wallace Christian
quis.pede@faucibusleo.ca
Louis Chase
blandit@orci.com
Emery Kelly
dictum.Proin@scelerisqueneque.org
Castor Copeland
dolor.Donec.fringilla@nequeet.edu
Stone Cantrell
dignissim.pharetra.Nam@et.net
Beau Mack
molestie.in@aaliquet.net
Owen Atkins
semper@magna.co.uk
Joseph Bass
est.Nunc.laoreet@imperdietullamcorper.edu
Chancellor Warner
erat.neque.non@Sed.net
Gregory Pace
sem.Nulla@lectusrutrum.edu
Cairo Oliver
malesuada.fringilla@disparturientmontes.com
Holmes Holman
blandit.congue@PhasellusnullaInteger.com
Cole Aguirre
quam@dictumcursusNunc.ca
Dustin Herring
quis@cursusnon.co.uk
Alec Waters
placerat@ut.co.uk
Laith Carter
sed.dui.Fusce@vestibulumnequesed.ca
Lionel Everett
non.dapibus.rutrum@ultriciessem.edu
Hunter Gentry
convallis.convallis.dolor@laciniaSed.net
Murphy Rich
Suspendisse.dui.Fusce@duiFuscealiquam.ca
Brent Sanders
Nunc.pulvinar.arcu@nasceturridiculusmus.org
Hamilton Garrett
luctus.felis@IntegerurnaVivamus.net
Zane Perry
a@variusorci.org
Zephania Madden
posuere.cubilia@lorem.com
Ignatius Harvey
vel@parturient.ca
Michael Waters
mi.tempor@indolorFusce.net
Xavier Wilkins
ipsum.leo.elementum@mi.net
Isaac Gentry
lorem@cursuspurus.ca
Malachi Norton
hendrerit.neque.In@metus.net
Colorado Shepherd
Suspendisse@temporbibendum.net
Carson Evans
fringilla.cursus.purus@sitamet.net
Macon Gay
sollicitudin.orci@Sednecmetus.ca
Steel Brady
iaculis.odio.Nam@pellentesque.edu
Judah Whitley
arcu@semperauctor.ca
Ignatius Lowery
eget.metus@sit.ca
Colby Barton
sociosqu@et.org
Caesar Mcfarland
nec.ante.Maecenas@risus.co.uk
Odysseus Nielsen
fringilla.est.Mauris@nasceturridiculus.co.uk
Russell Hurley
viverra.Donec@inlobortistellus.edu
Dalton Duffy
porttitor.scelerisque.neque@nislNullaeu.com
Ivor Frye
Donec.est@ultricesiaculis.net
Levi Romero
feugiat@Etiamgravidamolestie.org
Kuame Davenport
aliquet.molestie.tellus@nonluctus.com
Orlando Morales
magna.Cras@ligulaAenean.net
Magee Roberson
odio@viverraMaecenasiaculis.net
Eric House
Maecenas.malesuada@nullaante.co.uk
Nasim Fischer
tincidunt.vehicula.risus@Donec.ca
Wing Camacho
fringilla.euismod@veliteu.co.uk
Cadman Russo
lacus.Ut.nec@egestasa.edu
Levi Porter
aliquet.molestie.tellus@mollis.org
Murphy Holder
accumsan.convallis@odiotristique.ca
Simon Spence
non@cubilia.net
Andrew Scott
fames.ac@tempordiamdictum.com
Brandon Wilkins
velit.egestas.lacinia@molestieintempus.edu
Eric York
varius.ultrices.mauris@arcu.org
Steel Santos
Cras@metusInnec.net
Basil Mercado
at@Nullafacilisi.org
Matthew Snyder
faucibus.orci@sodalesMaurisblandit.edu
Preston Spears
amet.massa.Quisque@Aeneaneuismod.edu
Lucian Boone
nulla@Nunc.org
Brandon Jimenez
a.neque.Nullam@Nulla.co.uk
Hayes Haynes
morbi.tristique.senectus@Duisrisus.ca
Geoffrey Ware
tortor.at@temporarcuVestibulum.ca
Alden Elliott
dolor@ornaretortor.ca
Jerome Saunders
parturient@acorciUt.org
Gil Oconnor
dis@velit.net
Craig Chavez
Vestibulum@consequatnecmollis.ca
Emerson Rojas
lorem@nonmagna.edu
Elliott Callahan
at.lacus@commodotincidunt.com
Owen Prince
dui.Suspendisse.ac@imperdietdictum.co.uk
Laith Mcguire
Integer.vulputate.risus@molestiesodalesMauris.ca
Ross Soto
sapien@nonquam.co.uk
Aladdin Hines
tincidunt@dictum.com
Mufutau Lindsay
enim.nec@vitaepurusgravida.co.uk
Aristotle Klein
lacus.Quisque@Donec.org
Raphael Diaz
Vestibulum.ut.eros@tellusNunclectus.ca
Slade Doyle
mollis.Duis.sit@Quisque.co.uk
Nolan Sloan
Duis@Nullamvelitdui.org
Hamilton Myers
lectus@sodales.net
Oliver Mcintosh
ornare.placerat@vehiculaPellentesque.co.uk
Luke Pena
mi.felis.adipiscing@enim.co.uk
Odysseus Sargent
adipiscing.fringilla.porttitor@sagittisaugue.com
Carl Herring
libero@In.ca
Myles Valenzuela
vel@MaurismagnaDuis.com
Zachery Blackwell
Quisque.imperdiet@Nullamscelerisque.edu
Randall Miranda
condimentum.Donec@nasceturridiculus.com
Norman Jordan
Nulla.eu.neque@Duis.edu
Leroy Pickett
gravida.Praesent@hymenaeosMauris.net
Daquan Cox
convallis.ante.lectus@Nullamsuscipitest.net
Curran Brennan
aliquet@vel.co.uk
Randall Figueroa
est.ac.mattis@nullaCras.co.uk
Alec Walsh
ut.cursus@miac.ca
Andrew Dillon
interdum@Quisque.co.uk
Axel Forbes
rhoncus@augueSedmolestie.edu
Uriel Salazar
neque.non.quam@leo.com
Ryder Cleveland
Sed.nec@Phasellusinfelis.org
Peter Brady
nunc.Quisque@magna.org
Fulton Munoz
lacus.Mauris@Nullam.com
Hyatt Aguirre
dolor.Fusce.mi@scelerisquenequeNullam.org
Cyrus Serrano
magna@arcu.net
Perry Sharp
accumsan@eliterat.org
Barry Holmes
Suspendisse.ac.metus@vestibulumnec.net
Stewart Bryan
blandit.congue.In@Fusce.com
Nicholas Paul
eu.sem@eueuismod.net
Oren Sherman
lectus.a.sollicitudin@porttitor.co.uk
Hu Greene
mollis.dui.in@dolorquamelementum.com
Dolan Benson
sem@iaculislacuspede.net
Wallace Elliott
facilisi.Sed@erat.org
Allen Brennan
semper.dui@vitaedolor.edu
Upton Tate
vestibulum.neque.sed@sitametrisus.com
Cody Bartlett
euismod.enim@adipiscingfringilla.com
Nigel Mueller
rhoncus.Nullam.velit@feugiatplacerat.net
Boris Ferguson
nec@nullamagnamalesuada.edu
Brian Rutledge
aliquet.molestie.tellus@eget.edu
Anthony Stewart
congue@etlaciniavitae.ca
Nicholas Frye
aliquam.adipiscing.lacus@nonegestas.net
Arden Gilbert
vestibulum.nec.euismod@lacusQuisqueimperdiet.com
Scott Franklin
urna.justo@Maurisvestibulumneque.edu
Colton Stark
vulputate.lacus.Cras@Donecestmauris.org
Abbot Frost
sed.leo@leoelementum.com
Gray Kane
luctus.vulputate.nisi@semmagnanec.edu
Brett Palmer
ligula.Aliquam@maurisblandit.ca
Cyrus Santiago
lectus.quis.massa@nasceturridiculus.org
Hector Carey
ipsum.dolor.sit@Duis.org
Fletcher Sweet
ultrices.posuere@massanonante.org
Quinn Powers
auctor.ullamcorper@vehiculaPellentesquetincidunt.net
Jerome Pate
tempus.non@Aeneanegetmagna.org
Moses Poole
porttitor.scelerisque@lorem.org
Alexander Whitehead
mattis.semper@ultricesaauctor.ca
Shad Dunn
eu.nibh@venenatisa.co.uk
Curran Bowman
arcu.et.pede@ornareegestas.ca
Merritt Hill
pede.Cras@facilisisvitaeorci.com
Hu Bradshaw
felis@Phasellusdapibus.co.uk
Mason Estrada
leo.Morbi.neque@vitae.edu
Solomon Anderson
Lorem@Fusce.org
Zeph Mccormick
hendrerit@ultricies.ca
Macon Stevens
amet@faucibusleo.com
Vaughan Kramer
eget@Donecat.co.uk
Graham Young
tristique@enimconsequatpurus.org
Zahir Pickett
neque.Morbi.quis@inceptoshymenaeosMauris.org
Forrest Byers
eu@loremipsumsodales.org
Solomon Cardenas
varius.orci@augueidante.com
Nero Olsen
Integer.mollis@euismod.co.uk
Myles Jenkins
Fusce@risusodio.net
Cadman Jennings
in.hendrerit.consectetuer@velarcu.net
Benedict Sharp
non@semper.ca
Caesar Ballard
mi.lorem.vehicula@euismodurnaNullam.com
Carter Russell
dui.lectus@Proinvelit.org
Howard Carney
orci@semvitae.com
Armand Duncan
eu.enim@Cumsociis.edu
Nehru Zimmerman
sed.pede@sagittisfelisDonec.ca
Brent Vance
non.lorem.vitae@Duiscursus.edu
Jakeem Phelps
tristique.pharetra.Quisque@eudui.net
Lane Mcneil
orci@ametorci.org
Christian Holder
Quisque.imperdiet.erat@antedictum.co.uk
Moses Hickman
risus.Quisque.libero@ipsumdolor.co.uk
Emmanuel Mcgowan
tempor.est.ac@tortor.co.uk
Amery Kennedy
consectetuer.rhoncus@elementumsem.org
Vaughan Sandoval
neque@Maurismolestie.edu
Michael White
lacus.Nulla@metusvitaevelit.com
Zeus Scott
amet.consectetuer.adipiscing@Donecdignissim.co.uk
Steven Miller
Duis.gravida@Vestibulum.ca
Mark Allison
urna.et.arcu@eleifendvitaeerat.co.uk
Randall Wolfe
orci@odio.co.uk
Anthony Fulton
Aenean@Curabituregestasnunc.net
Hammett Mueller
non@Suspendisse.com
Raja Le
Nullam@ipsumprimis.edu
Dillon Adkins
Sed.nunc.est@egestas.ca
Kenneth Pollard
arcu@idmollis.co.uk
Drake Alexander
viverra@est.net
Elijah Mcintosh
sociis@rutrum.net
Ira Rodriquez
rutrum@odio.com
Damon Patton
lacus@molestiearcu.org
Christian Sims
pretium@necmaurisblandit.org
Honorato Pollard
sit.amet@Namligulaelit.com
Nolan Vargas
et@Suspendisse.org
Damon Avila
semper@rutrumloremac.co.uk
Clarke Wooten
eget.nisi@morbi.net
Clinton Carlson
velit.Aliquam@egestasDuisac.org
Nathan Joseph
et@pedemalesuada.edu
Ciaran Lynch
dapibus@Nuncquis.net
Thane Nixon
tempus@Donecnibhenim.ca
Lucas Stone
blandit.viverra@magna.ca
Dillon Patrick
mi.eleifend@acfacilisis.ca
Hashim Wilkinson
metus@Quisquelibero.com
Myles Huffman
volutpat@velitjustonec.net
Galvin Shaw
sodales@magnanecquam.org
Amir Riggs
Nunc.laoreet@auctornonfeugiat.com
Dane Parrish
pretium@est.edu
Clinton Mitchell
augue.eu@nibhQuisquenonummy.net
Xenos Stephens
Sed.diam@Morbi.ca
Quinn Barber
vulputate.nisi@convallis.com
Arden Hopper
ultricies@loremsemperauctor.ca
Walter Floyd
tristique.pellentesque@penatibusetmagnis.ca
Ethan Kaufman
purus.mauris.a@lacinia.edu
Arsenio Simpson
Etiam@semperdui.org
Upton Saunders
vestibulum.massa.rutrum@pedenecante.co.uk
Eagan Contreras
sociis.natoque.penatibus@Loremipsumdolor.ca
Jeremy Robbins
Ut.tincidunt.vehicula@nonquamPellentesque.edu
Damon Wilcox
eu.placerat.eget@nondui.org
Yasir Frye
Nullam.nisl.Maecenas@Nuncsollicitudincommodo.edu
Evan Rocha
nibh.Aliquam.ornare@lacusQuisque.ca
Tate Smith
sem.magna.nec@Mauris.com
Tyrone Rosa
Aliquam.rutrum.lorem@posuereenimnisl.net
Zachary Freeman
ridiculus.mus.Proin@aliquamadipiscinglacus.com
Wallace Franklin
nunc@vel.co.uk
Aquila Frank
magna@torquentperconubia.co.uk
Reese Jefferson
tellus@Nulla.co.uk
Joseph Dudley
eleifend.nunc.risus@interdumNuncsollicitudin.net
Cade Yang
vitae.risus@nec.com
Baxter Gallegos
elit.erat@libero.co.uk
Marvin Cunningham
ornare.sagittis.felis@Etiambibendum.edu
Emerson Carey
ultricies.sem.magna@liberolacusvarius.ca
Tucker Emerson
Cras@loremDonec.edu
Marvin Trevino
est.Nunc.ullamcorper@sit.edu
Akeem England
Vivamus.non@Suspendissedui.co.uk
Sean Ashley
facilisis.Suspendisse@orci.net
Chancellor Maynard
lobortis.mauris@utaliquam.co.uk
Nissim Benjamin
erat@dictum.ca
Hu Flynn
feugiat.metus.sit@dapibus.net
Elliott Fisher
et.malesuada.fames@venenatisvelfaucibus.org
Paki England
quam.vel.sapien@Donecdignissim.net
Geoffrey Stout
nulla@elitsedconsequat.co.uk
Lars Morrison
diam@tellusnon.org
Oleg Shepard
tempor.augue@Phasellusinfelis.ca
Ignatius Ray
quis.tristique.ac@dignissim.ca
Asher Collier
eu.tempor@neceuismodin.net
Alec Vargas
Donec@nunc.edu
Basil Atkinson
sit@pharetrautpharetra.co.uk
Nero Atkins
enim.Curabitur@arcu.edu
Francis Higgins
sit.amet@est.ca
Fulton Brooks
per.conubia.nostra@cubiliaCurae.org
Evan Duncan
Mauris.non@cursusnon.net
Kibo Russo
bibendum@leo.org
Kato Byrd
lorem.Donec.elementum@idante.org
Lionel Ellison
magna.Sed.eu@sitamet.co.uk
Felix Davidson
Fusce@ridiculusmus.com
Len Rocha
mollis@Nulla.org
Allen Romero
odio@placerataugueSed.co.uk
Arthur Buckner
mi.lacinia@augueSedmolestie.co.uk
Garth Singleton
molestie.tellus.Aenean@adipiscingMauris.edu
Wesley Olson
eget.dictum.placerat@adlitora.co.uk
Levi Harper
euismod.est@non.ca
Alan Booker
quis.tristique@loremsemperauctor.ca
Thor Shaw
dolor@elit.ca
Tyler Haynes
urna.convallis@massaMauris.com
Lawrence Ruiz
lectus.justo@ornare.co.uk
Hedley Deleon
tincidunt@a.org
Kaseem Mccall
lorem@Donecnibhenim.co.uk
Harrison Porter
Maecenas@vel.co.uk
Nicholas Chandler
nulla.ante.iaculis@velitegestas.co.uk
Matthew Mendez
eros.turpis@placeratCras.co.uk
Lyle Fuller
velit.Cras@sapienAenean.org
Vincent Griffin
orci.quis.lectus@justosit.org
Maxwell Quinn
risus@Etiamgravida.ca
Yuli Green
fringilla.porttitor.vulputate@feugiatnonlobortis.co.uk
Carter Jimenez
ac.fermentum.vel@Mauris.edu
Dexter Ellis
a.scelerisque@urna.ca
Flynn Watts
egestas.a.dui@mauris.org
Carson Leblanc
amet.consectetuer@Morbi.edu
Gareth Ellis
Donec@nuncullamcorper.net
Xander Sloan
a.felis.ullamcorper@velit.com
Ian Sheppard
Etiam.gravida.molestie@Vivamusrhoncus.ca
Brennan Hurst
magna.Sed@dolor.com
David Jarvis
elit@risusquis.com
Yasir Bishop
ipsum.Curabitur.consequat@justoProinnon.ca
Scott Jackson
ut@ullamcorper.net
Raphael Riley
interdum.Nunc@turpis.edu
Julian Haynes
et@vulputate.edu
Upton Cannon
ante.ipsum.primis@eu.net
Hop Case
Vivamus.nisi@arcuetpede.edu
Odysseus Hebert
feugiat.non@quisturpis.edu
Felix Murphy
aliquam.adipiscing.lacus@Sedmalesuadaaugue.org
Dustin Fox
Duis@ante.net
Ezra Marks
risus@ipsumnonarcu.com
Uriel Gross
feugiat.nec@anteiaculis.ca
Beau Lopez
risus.Nunc@nislarcuiaculis.net
Hayden Brady
sed.orci.lobortis@placerat.co.uk
August Kane
in.faucibus@vitae.ca
Leo Weiss
ac.mattis@mattisvelit.co.uk
Carlos Ray
consectetuer.adipiscing.elit@lectus.com
Calvin Dixon
adipiscing.enim@gravidaAliquamtincidunt.com
Tiger Osborn
consectetuer.adipiscing.elit@parturient.edu
Geoffrey Acosta
libero.nec.ligula@variusultricesmauris.com
Paul Allen
elit.pharetra.ut@ullamcorpermagna.co.uk
Nero Allison
mattis@Inmipede.net
Hasad Solis
nec.ante.blandit@vulputateullamcorper.net
Ivan Vaughn
tincidunt.aliquam@egestasnuncsed.net
Emery Holder
lorem.ut@eratneque.com
Dillon Malone
sapien@inmolestie.com
Acton Rodriquez
dui.augue.eu@vehicula.edu
Rogan Mercer
lacinia.at.iaculis@eratvel.ca
Ethan Hall
consequat.purus@necorci.co.uk
Brody Hyde
et.malesuada.fames@Sedeu.org
Brock Watts
metus@eget.edu
Sean Johns
orci@nisidictum.com
Jonah Hopkins
consequat.nec@Donec.org
Eric Martinez
a.neque.Nullam@mollis.net
Hammett Bowen
sem.eget.massa@erat.net
Nehru Foley
nec@enimMauris.net
Finn Burch
facilisis.eget@Aliquamfringillacursus.org
Micah Tyler
orci@Donecat.net
Jin Noel
lacinia.Sed.congue@malesuada.co.uk
Hasad Christian
sit.amet.risus@ante.edu
Anthony Stanton
urna.Nunc@enimNunc.net
Quamar Hensley
nonummy@sapien.com
Price Cain
enim.commodo@sedhendrerit.net
Salvador Beck
amet.risus.Donec@congue.net
Xenos Stephens
Pellentesque.habitant@velit.co.uk
Murphy Harris
velit@In.co.uk
Dustin Compton
in@posuere.co.uk
Jakeem Erickson
luctus.aliquet.odio@ataugue.edu
Merritt Powell
Vestibulum@fermentumfermentum.co.uk
Curran Horne
Lorem@bibendumullamcorperDuis.co.uk
Preston Kirk
Donec.egestas.Duis@inaliquet.co.uk
Dennis Snow
eu.metus@ac.net
Damian Schultz
viverra.Maecenas.iaculis@Nullamutnisi.ca
Lamar Terrell
eu.sem.Pellentesque@risusDonec.org
Barrett Kidd
euismod.et.commodo@lectuspede.ca
Zahir Bolton
per.inceptos@Praesentinterdum.co.uk
Wade Frost
ultricies@necimperdiet.edu
Jermaine Huber
vestibulum@duiaugue.org
Erasmus Mccoy
accumsan.interdum@ridiculusmus.co.uk
Ryder Decker
luctus.et.ultrices@laciniamattis.ca
Nathaniel Ayala
arcu.Vestibulum.ut@sit.co.uk
Duncan Kidd
Nullam.feugiat@lobortisquispede.co.uk
Tiger Finch
Aliquam@nec.org
Tarik Dotson
at.arcu.Vestibulum@parturientmontes.org
Thor Sykes
Sed.molestie.Sed@parturient.edu
Clinton Whitley
enim.Etiam.gravida@mus.org
Samuel Ray
egestas.Fusce@tempuseu.ca
Kamal Blevins
ligula.Aliquam.erat@nec.edu
Cadman Bright
ultricies@metus.co.uk
Hedley Clayton
dictum.eu.eleifend@nec.edu
Finn Page
dolor.egestas.rhoncus@tellus.net
Dean Cain
velit.Pellentesque.ultricies@vitaeeratVivamus.co.uk
Nissim Hoffman
molestie@Suspendisseac.net
Joseph Hull
dignissim.Maecenas@acmattis.edu
Yardley Justice
auctor.non@Nunc.ca
Mark Mccoy
tempor.lorem@Aliquamauctorvelit.edu
Trevor Baker
egestas.a@placerataugue.com
Armand Peterson
Sed.malesuada@pharetra.edu
Silas Prince
eu.nulla.at@mus.com
Hasad Bryan
non.ante.bibendum@adipiscingelitAliquam.co.uk
Perry Pittman
risus@lobortisaugue.edu
Chaim Tate
nonummy.ipsum@ipsumDonec.co.uk
Kane Hines
lacus@adipiscing.com
Cruz English
eu@egestasa.org
Roth Berry
elit@augue.com
Edan Burke
a@metus.com
Stuart Sandoval
pellentesque.tellus@nequeet.co.uk
Ali Donaldson
dolor.tempus@Suspendisse.net
Rahim Middleton
nec.urna.suscipit@risusvariusorci.org
Adam Shannon
Integer.urna.Vivamus@Integerid.net
Vance Wilder
et@elitafeugiat.edu
Valentine Walter
Cras@sapiencursusin.co.uk
Hector Saunders
vehicula@est.edu
Judah Miller
arcu.Vestibulum.ante@tellusSuspendissesed.ca
Lance Rogers
feugiat@conubia.org
Uriel Berger
adipiscing.non@ut.net
Colin Hoffman
Etiam@Nullam.net
Samuel Gordon
Aliquam@ligulaNullam.com
Myles Herring
commodo.auctor@hendrerit.edu
Kelly Cohen
cubilia.Curae.Donec@scelerisquemollis.ca
Lamar Elliott
id.ante.Nunc@necante.ca
Alec Blake
fringilla.ornare@Nam.net
Zephania Pope
ipsum@cursus.com
Zephania Campbell
ante.dictum@dolorsit.ca
Samson Simmons
in.tempus@mattisornare.ca
Thane Ewing
ante.blandit.viverra@vehicula.org
Rogan Hinton
felis@ultrices.net
Hashim Dean
Cras.dolor@cursusluctusipsum.org
Dustin Park
Morbi@Aeneansed.edu
Reece Hicks
eu.elit.Nulla@vehiculaPellentesque.net
Richard Adkins
accumsan.sed@vitaesodalesnisi.net
Salvador Eaton
Nam.ac@turpisegestas.edu
Cade Massey
penatibus@eratvelpede.edu
Hyatt Torres
vel@iaculisquis.ca
Dante Gay
Morbi.vehicula.Pellentesque@atortorNunc.org
Tanek Harris
ornare@tinciduntnibh.co.uk
Orson Bass
hendrerit.Donec@pellentesquemassa.org
Keegan Larson
rutrum.justo.Praesent@adipiscingelit.net
Howard Nielsen
ornare.elit.elit@liberoProinsed.co.uk
Barclay Nielsen
nunc.sed.libero@arcuMorbi.org
Ulric Sellers
ac@ultricies.org
Wyatt Figueroa
scelerisque.lorem.ipsum@risusNulla.net
Ezra Robbins
tellus.eu.augue@temporest.net
Neville Graham
ante.lectus.convallis@tellus.net
Octavius Marquez
Aenean.egestas.hendrerit@turpisvitaepurus.org
Hamilton Gaines
nunc.ullamcorper@lobortisnisinibh.net
Graham Black
Sed.eu.eros@molestiesodalesMauris.net
George Weber
eu.placerat.eget@ametdapibusid.co.uk
Graham Potts
odio@Integerid.net
Quentin Mendoza
rutrum.Fusce@ametfaucibus.net
Gabriel Mcgowan
lorem@habitant.ca
Robert Chan
luctus.vulputate.nisi@vehicula.edu
Devin Fletcher
Fusce@atlacusQuisque.co.uk
Lucius Delgado
Cras.sed.leo@Morbivehicula.net
Aidan Walters
lorem.vitae.odio@cursus.net
Buckminster Klein
semper@Sednunc.org
Stuart Marshall
risus.Donec.nibh@sitametconsectetuer.edu
Louis Moses
enim.diam.vel@Integerurna.org
Francis Sherman
velit@Duisdignissimtempor.edu
Aaron Foley
est@acnullaIn.net
Valentine Jarvis
magna.malesuada@placeratvelitQuisque.ca
Nicholas Marshall
Cras@molestiepharetra.com
Timothy Hendrix
dictum@tellusjusto.edu
Fitzgerald Buckner
erat.vitae@enimMaurisquis.ca
Denton Hanson
Vivamus@parturientmontes.com
Russell Thomas
dolor@diamatpretium.edu
Plato Christensen
est@Donec.org
Donovan Jensen
ac@et.org
Aaron Weeks
metus@turpisNulla.co.uk
Cooper Lyons
enim.nec@urnaVivamus.net
Knox Byrd
lacinia.orci@Duissitamet.co.uk
Oren Luna
ut@nec.edu
John Mueller
libero@nonvestibulum.edu
Cade Gilliam
ligula@egestasblandit.edu
Malik Valentine
facilisis.eget.ipsum@egetnisidictum.net
Acton Harrell
dapibus@Namconsequatdolor.org
Dieter Nielsen
libero.mauris.aliquam@Utsagittis.ca
Aquila Knox
dapibus.gravida.Aliquam@nostraper.edu
Otto Wiggins
Cras@antebibendum.org
Randall Robles
sed.dictum@acipsumPhasellus.net
Laith Booker
scelerisque.scelerisque.dui@penatibus.co.uk
Calvin Ratliff
Nunc.mauris.Morbi@fermentummetusAenean.edu
Macon Dillard
pretium@Cum.org
Hakeem Swanson
id.risus.quis@liberoProin.com
Christian Alford
ipsum.Suspendisse@eutellusPhasellus.ca
Fitzgerald Fisher
non@maurissagittis.ca
Lance Valenzuela
arcu.Morbi@vulputateeu.ca
Ferris Mckinney
blandit.viverra.Donec@famesacturpis.org
Malcolm Butler
malesuada@justoeu.ca
Colby Hunter
urna.Nullam.lobortis@Pellentesquetincidunt.co.uk
Burton Cohen
Cras@sitametultricies.edu
Odysseus Hopkins
eget@laciniaatiaculis.net
Isaiah Perkins
hendrerit.id.ante@ametloremsemper.co.uk
Vance Garrett
tristique@laciniaSed.net
Adam Sawyer
at@sodales.edu
Harlan Buck
sed.pede@vestibulummassarutrum.com
Tucker Parrish
amet@tinciduntduiaugue.ca
Hayes Gordon
fermentum.convallis@est.edu
Baxter Fuentes
tristique.senectus@pede.edu
Hammett King
justo.sit@necante.org
Lev Wilder
Phasellus.elit.pede@velitSed.com
Ezra Slater
non@lobortisquispede.ca
Knox Fields
sem.elit@odio.edu
Howard Clay
at.arcu.Vestibulum@turpis.com
Ross English
egestas.Aliquam.nec@urnaetarcu.com
Isaac Fields
viverra.Donec@Pellentesquehabitantmorbi.ca
Melvin Shepherd
tortor.at.risus@consectetueradipiscingelit.co.uk
Avram Cantrell
montes@Vestibulum.net
Tyrone Middleton
amet.risus@nislNullaeu.net
Ishmael Mercer
vel@auctor.co.uk
Chester Delaney
hymenaeos.Mauris@vitaeeratvel.org
Stewart Bryant
lectus@Morbimetus.edu
Salvador Mcleod
Aliquam.fringilla.cursus@Phasellus.ca
Rigel Gomez
ut.pharetra.sed@Nuncquis.org
Austin Arnold
euismod.est@variusNamporttitor.net
Marshall Carlson
a.ultricies.adipiscing@etliberoProin.edu
Lewis Luna
Mauris.vel.turpis@cursus.org
Acton Holman
Morbi@augueeutempor.ca
Reece Chandler
non.enim@pedeNuncsed.co.uk
Wayne Shelton
adipiscing@lobortistellusjusto.net
Kelly Oneal
sed.pede@Curabiturutodio.com
Branden Nguyen
Nunc.pulvinar@auctornonfeugiat.co.uk
Dante England
bibendum.ullamcorper@sagittis.org
Coby Stanley
arcu.Vivamus@laoreetposuere.net
Sean Curry
ac.nulla@dapibusquamquis.edu
Chandler Contreras
arcu.Aliquam.ultrices@aliquet.com
Quamar Knight
Phasellus@odioapurus.ca
Wylie Reyes
egestas.hendrerit.neque@magna.ca
Abbot Clark
sem@Namconsequatdolor.com
Graiden Gillespie
Nullam.ut.nisi@magnisdis.edu
Leo Phillips
molestie.dapibus@ultricesmauris.ca
Francis Trevino
Morbi@imperdiet.org
Phelan Key
volutpat.Nulla.dignissim@orci.com
Rashad Jennings
Cras.eget.nisi@Ut.org
Price Obrien
Aliquam.erat.volutpat@porttitorvulputate.edu
Michael Herman
sodales.elit@aliquetmetus.org
Keaton Reynolds
diam@augue.com
Cody Valentine
laoreet.lectus.quis@inaliquetlobortis.ca
Cyrus Hodge
netus@Phasellusdolorelit.co.uk
Herrod Holt
justo@et.net
Brock English
tellus@ligulaNullam.co.uk
Upton Carter
nonummy.ac.feugiat@ametconsectetuer.edu
Eagan Brady
enim@nunc.org
Reese Marsh
nisl.arcu.iaculis@viverraMaecenas.org
Fitzgerald Sullivan
a.tortor.Nunc@semper.ca
Len Mercado
ac@nequenon.ca
Nathan Gilliam
nascetur@estNunclaoreet.org
Zahir Riggs
tincidunt.adipiscing@adipiscingelit.co.uk
Griffin Hardy
vitae.nibh@urnaNuncquis.edu
Hamish Nolan
orci@sit.org
Elmo Buckner
faucibus.leo@interdum.org
Lucian Gibson
mauris@quisturpisvitae.ca
Gary Shepard
torquent@a.co.uk
Honorato Hooper
Donec.feugiat@cursuseteros.org
Nicholas England
ac.mattis.velit@leoin.com
Philip Davis
laoreet@aliquetdiam.org
Timon Oneal
Nunc@aliquetnecimperdiet.org
Amery Sparks
nibh.Phasellus.nulla@feugiatLorem.co.uk
Stewart Cummings
adipiscing@volutpatNullafacilisis.net
Geoffrey Brady
Fusce.feugiat.Lorem@accumsanlaoreetipsum.org
Alexander Wilder
eget.metus@ornareFuscemollis.org
Francis Lynn
Duis.risus.odio@rhoncus.org
Bevis Padilla
pharetra@Loremipsum.ca
Bruce Bruce
mattis.Integer.eu@uterat.co.uk
Luke Burns
sed.hendrerit.a@sapiengravidanon.org
Hedley Wilcox
ornare@lacusAliquamrutrum.edu
Buckminster Meadows
ultricies@vulputateeu.net
Bernard Brock
vel.turpis@pretiumnequeMorbi.edu
Armand Ochoa
Sed.eu.nibh@ultriciesadipiscing.org
Tarik Miles
Nunc.quis@feugiatplaceratvelit.edu
Victor Hardin
Nulla.facilisis@posuereat.ca
Macaulay Quinn
odio.Nam@fringillaDonecfeugiat.ca
Zane Rojas
Vivamus.nibh@sollicitudina.ca
Michael Kirk
sit.amet@sapienimperdietornare.com
Louis Calderon
eget.volutpat@nuncsitamet.ca
Chandler Lynn
pharetra.felis@portaelit.co.uk
Dean Alston
imperdiet@etcommodo.com
Hop Hancock
Mauris.quis@diamnuncullamcorper.com
Nicholas Brady
mi@eleifendvitae.com
Quinn Weeks
Curabitur.massa.Vestibulum@quis.com
Luke Vang
diam@maurisa.edu
Nolan Faulkner
nec@magnanecquam.net
Phelan Pittman
Nunc.mauris@orci.net
Lev Guerra
ultricies.adipiscing@eleifendnec.org
Hasad Delaney
risus@arcu.net
Simon Burris
adipiscing.ligula@semperrutrum.co.uk
Logan Cole
magna@varius.edu
Xander Dunn
Duis.dignissim@malesuadaaugue.ca
Gage Farley
risus.Donec.egestas@elitafeugiat.edu
Len Mckee
erat.vitae@inlobortis.edu
Ivor Buckner
Cras.dictum.ultricies@utpellentesque.edu
Noble Clemons
justo.sit.amet@Quisqueliberolacus.edu
Acton Ramos
tellus.justo.sit@odioa.org
Gavin Mueller
Lorem.ipsum@adipiscing.edu
Edward Miller
Sed@ante.com
Zachery Wilkerson
mollis@vitaealiquet.org
Arsenio Burks
Nullam@lacusQuisquepurus.org
Gary Villarreal
Maecenas.libero@feugiatnecdiam.ca
Dean Morrow
felis@luctusfelis.co.uk
Kenneth Castaneda
et.malesuada.fames@sodales.co.uk
Addison Copeland
Suspendisse@imperdietnonvestibulum.edu
Carl Collins
ipsum@Nunc.ca
Gabriel Bradford
lobortis.tellus.justo@Aliquamnisl.edu
Chaim Austin
orci.quis@ac.ca
Nash Gaines
molestie@pretiumaliquetmetus.ca
Jared Rivera
Integer.aliquam.adipiscing@Vivamus.edu
Camden Mckinney
amet.orci@consequatnecmollis.org
Galvin Shepard
nec@lectus.ca
Ulysses Clemons
nisi.nibh.lacinia@adipiscing.edu
Fletcher Hansen
malesuada.fringilla@nequeSed.edu
Bruno Fernandez
eu@auctorodio.ca
Nash Levy
ac@magnaUt.edu
Ivor Collins
arcu.Curabitur.ut@purusNullam.com
Cairo Mercer
convallis.convallis@eu.net
Brett Mcclain
nec.mauris@rhoncusid.com
Allistair Mueller
dis.parturient.montes@Nullam.net
Keegan Hodge
pellentesque.eget.dictum@semconsequatnec.com
Thaddeus Kelley
ante.Vivamus@urnaVivamus.co.uk
Hilel Robles
Aliquam.auctor@nibh.org
Maxwell Waters
ac.mattis@enimEtiamimperdiet.ca
Abel Patel
Suspendisse.eleifend@facilisis.co.uk
Keaton Hines
sed.dui.Fusce@nequeseddictum.edu
Damian Carroll
tristique.aliquet@nonbibendum.co.uk
Emerson Sweeney
ipsum@elitelit.edu
Xander Oneil
quam@commodoat.net
Jackson Randall
vulputate.risus.a@pedeSuspendissedui.ca
Daquan Conley
lacus.Etiam.bibendum@nonvestibulum.org
Alvin Burnett
non.feugiat@porttitorvulputateposuere.edu
Michael Saunders
orci.lacus.vestibulum@CurabiturmassaVestibulum.org
Lee Scott
lorem@nuncsedpede.ca
Amos Snider
Etiam.laoreet@liberolacus.edu
Jason Daniels
in.lobortis.tellus@maurissapiencursus.net
Allistair Bennett
vitae@augue.edu
Forrest May
metus.Aenean.sed@vitae.edu
Eagan Lindsey
et.magnis@Phasellusvitae.com
Akeem Williamson
augue@incursuset.com
Shad Potter
elementum.lorem@Nulla.net
Clinton Hawkins
lacinia@viverraDonec.edu
Oleg Harrington
a@Nullamut.edu
Barry Farrell
nascetur.ridiculus@ac.net
Maxwell Torres
egestas.blandit@musProin.co.uk
Porter Lindsey
et@dictum.co.uk
Nero Ware
nunc.id.enim@erategetipsum.net
Driscoll Vance
erat@liberoProin.co.uk
Hu Kelley
orci.luctus.et@dolordapibus.net
Walker Rollins
eleifend.nec.malesuada@euismod.ca
Nicholas Pugh
lobortis.augue@eteuismodet.com
Laith Preston
Mauris.nulla.Integer@atpede.org
Carl Craig
Quisque.imperdiet@habitant.edu
Kenneth Woodward
sit.amet@adipiscingMaurismolestie.ca
Clinton Bradshaw
lorem@nisiCumsociis.net
Stone Townsend
felis.adipiscing.fringilla@egestas.org
Colt Payne
Maecenas@gravidasagittis.ca
Dylan Weber
Curabitur.consequat@pellentesqueegetdictum.net
Eagan Mcbride
Morbi@semperrutrumFusce.co.uk
Raymond Weber
nascetur.ridiculus@vulputatelacus.ca
Zeph Klein
Phasellus.fermentum@Duis.org
Reece Lindsay
luctus.ipsum.leo@malesuadavel.co.uk
Brendan Macias
massa@Suspendisseac.net
Castor Jensen
non.dapibus.rutrum@nuncullamcorpereu.co.uk
Igor Manning
neque@elitpretium.edu
Vernon Dodson
nascetur@Integer.ca
Colton Harrison
aliquet.libero@arcuSedeu.net
Armando Lloyd
Integer.eu.lacus@maurisaliquam.com
Mark Mcgowan
egestas.Sed@semconsequatnec.net
Kirk Lee
commodo@nonummy.com
Malik Mccullough
laoreet.lectus.quis@In.com
Dominic Oneil
arcu.Nunc.mauris@elitpellentesquea.co.uk
Cooper Guzman
nec@fermentum.com
Rudyard Fitzgerald
Morbi@aptent.edu
Dean Head
pede.ultrices.a@orci.edu
Hamilton Gamble
Donec@egetvolutpatornare.edu
Timon Bryant
euismod@vitaedolorDonec.ca
Baker Saunders
pharetra@orci.edu
Paul Fitzgerald
lacus.Cras@massaQuisqueporttitor.com
Sawyer Park
a@Mauris.edu
Carlos Newton
risus.Morbi@maurisidsapien.net
Channing Dillard
Donec@risusQuisquelibero.edu
Oscar Estrada
fermentum@tinciduntnequevitae.co.uk
Sean Mckay
Nullam.feugiat@Aenean.edu
Denton Porter
dolor.sit.amet@cubilia.ca
Fuller Trujillo
mollis.non.cursus@ullamcorpernislarcu.org
Julian Heath
orci@fermentumvelmauris.com
Todd Small
nisl@acmi.com
Daquan Cooper
ut.erat@blanditatnisi.com
Erasmus Everett
sit.amet.diam@orci.org
Giacomo Mccullough
arcu.Sed@fringillaornareplacerat.ca
Fuller Grimes
penatibus@Maecenasmi.net
Chadwick Cooper
nec.enim@ultricesiaculis.co.uk
Clinton Odom
urna@dui.org
Kenneth Levine
erat.volutpat@eratVivamusnisi.org
Dexter Clemons
turpis.nec.mauris@Sed.edu
Hoyt Albert
Phasellus.nulla.Integer@consectetuer.ca
Wang Jenkins
tellus.imperdiet.non@odiotristiquepharetra.com
Davis Bonner
ultricies.dignissim.lacus@nibhsit.net
Barry Serrano
Lorem@tortordictum.co.uk
Robert Gordon
justo@lobortisquis.co.uk
Prescott Hart
vulputate.lacus@magnamalesuadavel.edu
Vladimir Horn
tellus.non.magna@lorem.com
Abdul Rosa
et.magnis.dis@eutellusPhasellus.net
William Miles
lobortis@dictumsapienAenean.net
Harrison Andrews
placerat.Cras.dictum@libero.co.uk
Nicholas David
Sed.congue.elit@dolor.com
Graham Harrington
rutrum@aliquamarcuAliquam.org
Jameson Calhoun
lectus.convallis@vel.co.uk
Edan Shaw
auctor.Mauris@quam.net
Jackson Thornton
quis.urna.Nunc@condimentum.co.uk
Russell Chavez
elementum.purus.accumsan@feugiatmetus.edu
Hall Fowler
purus.in@ametdapibusid.ca
Carson Keith
magna.Sed.eu@egetmagnaSuspendisse.co.uk
Dante Stafford
pellentesque.a@a.ca
Jamal Parks
eget.venenatis@in.edu
Dylan Erickson
ornare.In@Fusce.ca
Jin Kinney
egestas.urna@feugiatnec.ca
August Howard
ac.urna@Duis.co.uk
Armand Colon
mauris.ipsum.porta@euturpis.org
Barry Horn
lorem@liberoProinmi.com
Keane Moss
Quisque.purus.sapien@metus.ca
Lee Glover
Vivamus.non@Nulla.net
Colin Terry
Proin.vel.nisl@estarcu.co.uk
Mufutau Dean
eu.augue.porttitor@Nullamvitaediam.co.uk
Nicholas William
orci.lobortis.augue@accumsan.ca
Myles Gilmore
odio.semper.cursus@vehiculaetrutrum.net
Arden Larson
arcu.Nunc@Integer.com
Anthony Miles
nibh.lacinia.orci@musAenean.org
Flynn Merritt
magna.Cras.convallis@velquamdignissim.co.uk
Uriah Washington
lectus@Aeneaneuismodmauris.ca
Jarrod Hill
nonummy@aliquet.net
Erasmus Ellis
ut.erat@pellentesquea.edu
Isaiah Chandler
vitae.aliquet@placerateget.org
Blake Good
eget.dictum@semmollisdui.net
Wang Ellison
mi.Duis@magnanecquam.co.uk
Timothy Flores
eget.dictum.placerat@auguemalesuadamalesuada.co.uk
Russell Bright
eu.odio.Phasellus@sollicitudincommodo.edu
Arsenio Holden
Aenean.gravida.nunc@duinec.org
Carl Patrick
fermentum.convallis@Vivamussit.com
Flynn Mann
urna.convallis@vitae.edu
Tate Estes
et.arcu@nonummyultricies.org
Akeem Donovan
magna.Praesent.interdum@ultricessit.edu
Jerome Eaton
adipiscing.lacus.Ut@adlitora.com
Aaron Martin
Fusce.dolor.quam@dolordapibus.co.uk
Daniel Watkins
fermentum.vel@purusmaurisa.co.uk
Fitzgerald Travis
pellentesque@vestibulumneque.ca
Callum Bryan
quam@acnulla.edu
Alexander Durham
varius.et@Inornare.org
Dominic Preston
sed.orci.lobortis@vel.ca
Graiden Flowers
risus.Duis.a@ultricies.ca
Boris Hebert
sit.amet.ultricies@tinciduntDonecvitae.co.uk
Aidan Mooney
luctus.et@urna.co.uk
Abel Walton
Suspendisse@Nuncmauris.ca
Hu Myers
rutrum.magna.Cras@ipsumnuncid.org
Merrill Lyons
consequat.dolor@tellusimperdiet.edu
Clayton Reilly
et@dictum.edu
Ira Palmer
eget.ipsum.Donec@urna.com
Zachary Hancock
egestas.rhoncus.Proin@idmollisnec.ca
Damon Cardenas
vel.quam.dignissim@Integersem.org
Joshua Burt
dapibus.rutrum@ultricies.co.uk
Chase Castillo
tellus.id@atvelit.ca
Gage Reynolds
cursus@aliquamiaculis.org
Acton Maddox
id.magna@Aliquamnisl.net
Howard Peterson
euismod@mipedenonummy.ca
Cain Frost
Curae.Donec@Aliquamerat.edu
Lucian Vega
justo.Praesent@malesuada.ca
Wade Hunt
lacus.Quisque.imperdiet@hymenaeosMaurisut.ca
Dominic Cannon
nec.malesuada@lobortisClassaptent.edu
Carlos Mcconnell
malesuada.fames.ac@Fusce.org
Orlando Anderson
risus@lectusCum.org
Micah Whitehead
enim.diam.vel@ipsum.edu
Upton Bray
cursus.non.egestas@facilisisfacilisis.co.uk
Ezekiel Jimenez
non@est.co.uk
Cyrus Clark
ac@Crasloremlorem.ca
Demetrius Hardin
dolor@placeratorcilacus.com
Harlan Rose
quam@scelerisquemollisPhasellus.ca
Gregory Johnson
id.sapien.Cras@congue.ca
Forrest Rocha
magnis@augueeu.org
Avram Spence
eget.ipsum@libero.co.uk
Brody Middleton
sit.amet@temporbibendumDonec.org
Len Conrad
mauris.sagittis.placerat@atlibero.org
Ian Burns
sapien@dictummi.co.uk
Fuller Blankenship
Vestibulum@porttitorerosnec.org
Clayton Singleton
tincidunt@urnaconvallis.com
Gregory Kemp
id.enim@et.co.uk
Keith Bernard
parturient@euismod.co.uk
Len Mckee
nec@pretium.co.uk
Alec Lawrence
accumsan@lobortisultricesVivamus.net
Kelly Reed
neque@scelerisquenequeNullam.ca
Tobias Huber
Morbi@Nuncquisarcu.co.uk
Xenos Rivas
sagittis@Sedpharetra.com
Lamar Calhoun
scelerisque.scelerisque@Morbi.ca
Jesse Stanley
Phasellus.in.felis@atarcu.com
Leonard Howe
vitae.purus.gravida@mipedenonummy.ca
Armand Palmer
massa.non.ante@Aliquamtincidunt.com
Nissim Sanders
venenatis.lacus.Etiam@atfringillapurus.com
Peter Drake
nunc@nuncestmollis.ca
Tanner Bowen
eget.tincidunt@nonummy.net
Brent Contreras
netus.et.malesuada@faucibusut.net
Damian Cabrera
libero.Integer@liberoettristique.ca
Amal Marshall
quis@congue.edu
Leroy Schneider
Nunc.ullamcorper.velit@scelerisque.com
Denton Dalton
orci.luctus.et@dolor.ca
Trevor Sanchez
luctus.et@posuerevulputatelacus.co.uk
Timon Avery
nulla@diamPellentesque.ca
Alfonso Calhoun
Ut@odioPhasellus.edu
Ryan Newman
mi.pede.nonummy@ante.com
Drew Anderson
purus.sapien@erosProinultrices.org
Tate Tate
fringilla@sitametconsectetuer.net
Joel Joyner
morbi.tristique.senectus@turpisegestasAliquam.co.uk
Kieran Velez
Nunc.quis@Nuncac.ca
Henry Cline
Nam.nulla@tempusrisus.net
Vance Rodriquez
leo.in@sempertellusid.edu
Aladdin Alexander
varius.orci.in@Sedid.co.uk
Malcolm Taylor
dictum.cursus@egestasFusce.edu
Ciaran Jordan
interdum.Sed.auctor@Maurisquis.co.uk
Griffin Bishop
Phasellus.dapibus@Nullamfeugiat.org
Lane Lowe
et@placeratorcilacus.edu
Ivan Chambers
est.vitae@eu.ca
Xavier Little
Duis.volutpat@atnisiCum.net
Wallace Wilkinson
semper.cursus@Duisvolutpatnunc.ca
Louis Barber
Quisque.porttitor@auctorullamcorper.com
Jermaine Ayers
fames.ac.turpis@Cras.net
Allen Jennings
cursus@aliquetvel.net
Kamal George
venenatis.a.magna@Sedidrisus.co.uk
Jason Cooper
nunc.Quisque.ornare@in.ca
Hall Barnett
ligula.Aliquam.erat@Aliquamauctorvelit.co.uk
Ulric Livingston
vitae@mipedenonummy.co.uk
Carl Vaughn
ornare.facilisis@Pellentesquetincidunt.net
Kaseem Morrison
turpis.Nulla.aliquet@Nunclaoreet.co.uk
Emery Estrada
placerat@torquentper.net
Eaton Lott
posuere.vulputate@sedturpis.net
Samuel Santiago
eu.tellus.eu@sapienimperdiet.edu
Kieran Waters
nunc.nulla.vulputate@dictumProin.edu
Galvin Stuart
fermentum@necurnasuscipit.co.uk
Asher Fuentes
blandit@ipsumdolor.net
Vaughan Hunt
leo@ut.edu
Neville Welch
ultrices.sit@Quisque.com
Jacob Mclean
dapibus@commodotinciduntnibh.ca
Vincent Norris
lorem.ac.risus@Utsagittis.org
Burton Mcconnell
Nullam.enim@Pellentesqueut.org
Sebastian Sanchez
dui.nec@felisorciadipiscing.ca
Kermit Neal
luctus.et.ultrices@at.com
Lewis Crawford
feugiat.Sed@duiSuspendisse.org
Merritt Johnson
cursus@ametdiam.edu
Silas Mooney
eu@mattisvelitjusto.co.uk
Barclay Phelps
leo@temporarcuVestibulum.net
Caldwell Santana
fermentum.vel.mauris@gravidasit.net
Malachi Gibbs
eros.non.enim@odiosagittissemper.org
Kermit Villarreal
fringilla.Donec@ante.org
Tanek Hewitt
ligula.Aenean@nunc.org
Yardley House
enim@duiCraspellentesque.co.uk
Colby Hancock
ipsum.primis@temporaugue.ca
Brenden Christian
sit.amet@Donecporttitortellus.co.uk
Gil Conrad
a@ullamcorperDuis.com
Jarrod Carroll